,run,irrelevant_matches_round_34,irrelevant_matches_round_35,irrelevant_matches_round_36,irrelevant_matches_round_37,irrelevant_matches_round_38,highly_relevant_matches_round_34,highly_relevant_matches_round_35,highly_relevant_matches_round_36,highly_relevant_matches_round_37,highly_relevant_matches_round_38,partially_relevant_matches_round_34,partially_relevant_matches_round_35,partially_relevant_matches_round_36,partially_relevant_matches_round_37,partially_relevant_matches_round_38
0,0,0,2,4,5,6,8,4,2,1,0,2,4,4,4,4
1,1,1,3,5,8,10,3,2,1,0,0,6,5,4,2,0
2,2,1,1,5,6,8,3,1,2,0,0,6,8,3,4,2
3,3,0,1,1,3,6,6,4,1,1,0,4,5,8,6,4
4,4,0,0,2,5,6,6,5,1,1,1,4,5,7,4,3
5,5,0,1,1,2,4,3,4,3,2,1,7,5,6,6,5
6,6,0,0,1,4,5,7,6,5,2,1,3,4,4,4,4
7,7,1,1,2,3,6,4,4,3,2,1,5,5,5,5,3
8,8,3,4,4,5,10,3,1,1,0,0,4,5,5,5,0
9,9,0,0,1,3,6,7,4,3,3,0,3,6,6,4,4
10,10,0,1,2,5,7,5,4,4,0,0,5,5,4,5,3
11,11,0,0,2,4,6,9,4,3,0,0,1,6,5,6,4
12,12,0,1,3,6,5,8,5,2,2,0,2,4,5,2,5
13,13,2,2,5,4,9,5,2,4,0,1,3,6,1,6,0
14,14,0,1,1,5,8,9,6,1,1,0,1,3,8,4,2
15,15,1,2,4,6,7,4,1,0,1,0,5,7,6,3,3
16,16,1,0,3,6,8,7,3,4,0,0,2,7,3,4,2
17,17,2,2,6,7,8,4,3,1,0,0,4,5,3,3,2
18,18,2,5,5,6,8,4,3,0,0,1,4,2,5,4,1
19,19,0,1,5,8,8,6,3,2,1,0,4,6,3,1,2
20,20,0,0,2,4,6,7,3,2,2,0,3,7,6,4,4
21,21,1,1,3,3,5,5,3,2,0,0,4,6,5,7,5
22,22,0,1,2,4,6,10,4,4,2,1,0,5,4,4,3
23,23,0,2,2,4,6,4,3,0,1,0,6,5,8,5,4
24,24,0,3,2,4,6,5,5,2,3,1,5,2,6,3,3
25,25,0,2,3,4,6,9,5,2,3,0,1,3,5,3,4
26,26,0,2,2,2,4,8,6,3,1,0,2,2,5,7,6
27,27,1,2,2,5,4,5,5,1,1,0,4,3,7,4,6
28,28,3,3,3,5,6,5,3,2,2,1,2,4,5,3,3
29,29,1,2,4,5,8,6,4,2,0,0,3,4,4,5,2
30,30,1,3,2,6,10,4,4,1,1,0,5,3,7,3,0
31,31,0,0,3,4,4,6,3,0,1,0,4,7,7,5,6
32,32,0,0,2,3,7,7,7,3,2,0,3,3,5,5,3
33,33,1,3,6,10,10,3,3,0,0,0,6,4,4,0,0
34,34,0,0,0,4,6,8,5,5,2,0,2,5,5,4,4
35,35,0,0,3,4,6,10,6,5,0,0,0,4,2,6,4
36,36,0,0,2,3,8,9,4,4,1,2,1,6,4,6,0
37,37,1,0,2,4,4,7,4,4,4,2,2,6,4,2,4
38,38,0,0,2,3,10,9,9,5,2,0,1,1,3,5,0
39,39,0,1,4,5,7,2,3,2,0,0,8,6,4,5,3
40,40,0,2,5,7,10,6,4,1,0,0,4,4,4,3,0
41,41,1,2,3,6,8,5,5,2,0,0,4,3,5,4,2
42,42,0,1,2,4,5,6,4,2,1,1,4,5,6,5,4
43,43,0,1,5,4,5,5,5,4,0,0,5,4,1,6,5
44,44,2,1,3,8,8,5,3,1,1,0,3,6,6,1,2
45,45,2,1,6,8,10,5,2,0,0,0,3,7,4,2,0
46,46,0,1,3,6,8,9,3,3,2,0,1,6,4,2,2
47,47,1,1,2,3,9,7,4,3,1,1,2,5,5,6,0
48,48,0,4,3,3,8,3,5,2,2,0,7,1,5,5,2
49,49,1,2,2,5,6,6,4,2,0,0,3,4,6,5,4
50,50,0,4,5,7,10,3,4,2,1,0,7,2,3,2,0
51,51,1,2,3,4,7,4,2,1,0,0,5,6,6,6,3
52,52,0,1,2,4,6,5,5,2,1,0,5,4,6,5,4
53,53,1,0,2,2,8,8,5,3,3,0,1,5,5,5,2
54,54,0,0,4,6,8,8,5,4,1,0,2,5,2,3,2
55,55,0,1,2,4,7,8,3,3,2,1,2,6,5,4,2
56,56,1,5,3,5,8,3,3,0,0,0,6,2,7,5,2
57,57,3,5,5,5,8,2,0,0,0,0,5,5,5,5,2
58,58,3,4,6,10,10,4,2,0,0,0,3,4,4,0,0
59,59,2,4,5,6,10,6,2,2,0,0,2,4,3,4,0
60,60,0,1,3,10,10,5,4,5,0,0,5,5,2,0,0
61,61,0,1,1,5,6,4,4,3,1,0,6,5,6,4,4
62,62,3,3,3,4,6,4,3,1,1,1,3,4,6,5,3
63,63,1,0,3,4,8,7,3,4,2,0,2,7,3,4,2
64,64,0,1,3,4,10,9,6,3,2,0,1,3,4,4,0
65,65,0,0,1,4,5,8,7,5,2,1,2,3,4,4,4
66,66,0,1,2,3,5,9,7,1,1,0,1,2,7,6,5
67,67,2,1,5,6,10,6,2,2,0,0,2,7,3,4,0
68,68,0,1,4,8,10,5,5,0,0,0,5,4,6,2,0
69,69,1,3,5,6,8,5,1,1,0,0,4,6,4,4,2
70,70,0,1,4,6,10,7,4,2,1,0,3,5,4,3,0
71,71,0,0,1,2,6,9,6,4,2,1,1,4,5,6,3
72,72,0,3,3,6,6,9,3,2,2,2,1,4,5,2,2
73,73,2,1,5,8,8,5,3,2,0,0,3,6,3,2,2
74,74,0,1,1,4,5,7,5,2,0,0,3,4,7,6,5
75,75,1,2,4,4,5,5,6,3,2,0,4,2,3,4,5
76,76,0,0,2,3,5,8,7,3,2,1,2,3,5,5,4
77,77,1,1,3,7,8,4,3,1,1,0,5,6,6,2,2
78,78,0,0,0,2,3,10,6,6,6,1,0,4,4,2,6
79,79,1,1,2,6,8,8,3,1,0,0,1,6,7,4,2
80,80,0,2,3,7,7,4,5,3,1,0,6,3,4,2,3
81,81,1,1,3,2,7,7,5,3,0,1,2,4,4,8,2
82,82,0,0,0,3,6,8,6,3,1,1,2,4,7,6,3
83,83,0,0,3,7,10,9,6,1,1,0,1,4,6,2,0
84,84,2,5,5,7,7,4,2,0,0,0,4,3,5,3,3
85,85,2,3,4,4,7,3,2,1,0,1,5,5,5,6,2
86,86,0,1,0,1,3,7,5,4,4,1,3,4,6,5,6
87,87,0,0,1,4,3,9,6,3,4,1,1,4,6,2,6
88,88,0,1,3,4,5,5,2,0,1,1,5,7,7,5,4
89,89,0,2,3,7,8,6,5,1,2,0,4,3,6,1,2
90,90,1,1,3,3,6,7,7,4,1,0,2,2,3,6,4
91,91,0,1,6,6,7,6,1,1,0,0,4,8,3,4,3
92,92,0,0,3,8,10,6,4,0,1,0,4,6,7,1,0
93,93,0,2,1,3,5,8,4,1,1,0,2,4,8,6,5
94,94,0,1,2,5,8,3,2,2,0,0,7,7,6,5,2
95,95,0,3,5,5,8,4,3,2,1,0,6,4,3,4,2
96,96,0,0,3,7,6,7,5,3,1,0,3,5,4,2,4
97,97,1,0,4,6,6,3,2,3,0,0,6,8,3,4,4
98,98,0,0,2,4,5,8,6,3,2,1,2,4,5,4,4
99,99,0,2,3,5,8,7,5,3,2,0,3,3,4,3,2
100,100,0,1,3,2,6,7,5,4,1,1,3,4,3,7,3
101,101,0,2,2,6,10,8,6,4,1,0,2,2,4,3,0
102,102,0,1,1,5,7,7,4,3,2,0,3,5,6,3,3
103,103,0,0,1,3,6,6,5,3,0,1,4,5,6,7,3
104,104,1,2,2,4,8,6,4,1,1,0,3,4,7,5,2
105,105,0,1,2,2,5,7,2,2,1,1,3,7,6,7,4
106,106,1,3,3,6,8,3,1,1,0,0,6,6,6,4,2
107,107,4,4,4,6,10,4,3,1,1,0,2,3,5,3,0
108,108,0,1,2,4,8,7,6,3,1,0,3,3,5,5,2
109,109,2,5,8,10,10,5,1,0,0,0,3,4,2,0,0
110,110,0,0,0,6,6,8,4,1,0,0,2,6,9,4,4
111,111,1,3,1,3,6,5,4,2,1,0,4,3,7,6,4
112,112,0,2,4,8,8,6,5,1,0,0,4,3,5,2,2
113,113,0,1,2,2,7,7,5,4,3,1,3,4,4,5,2
114,114,2,3,3,3,8,7,5,2,0,1,1,2,5,7,1
115,115,1,1,3,5,10,6,3,3,1,0,3,6,4,4,0
116,116,0,0,2,4,7,7,5,2,1,0,3,5,6,5,3
117,117,1,1,5,4,5,5,1,2,1,0,4,8,3,5,5
118,118,0,1,5,10,10,8,3,1,0,0,2,6,4,0,0
119,119,0,5,5,7,8,4,1,0,0,0,6,4,5,3,2
120,120,0,0,2,2,6,7,4,4,2,0,3,6,4,6,4
121,121,1,2,3,4,6,4,3,2,2,0,5,5,5,4,4
122,122,0,1,5,6,8,7,3,3,1,0,3,6,2,3,2
123,123,0,2,2,5,8,4,3,1,0,0,6,5,7,5,2
124,124,0,1,2,3,5,5,1,0,1,0,5,8,8,6,5
125,125,0,1,4,6,8,6,3,0,1,0,4,6,6,3,2
126,126,1,0,4,6,8,4,3,2,0,0,5,7,4,4,2
127,127,1,3,3,4,8,4,3,1,1,0,5,4,6,5,2
128,128,0,2,5,8,8,8,5,1,0,0,2,3,4,2,2
129,129,0,1,2,7,8,6,4,1,0,0,4,5,7,3,2
130,130,0,1,2,3,2,8,6,3,2,0,2,3,5,5,8
131,131,2,5,5,8,8,2,3,1,0,0,6,2,4,2,2
132,132,1,2,4,5,8,7,3,2,1,0,2,5,4,4,2
133,133,1,3,8,10,10,5,2,0,0,0,4,5,2,0,0
134,134,0,4,5,8,10,5,2,0,0,0,5,4,5,2,0
135,135,0,0,3,7,10,8,6,3,2,0,2,4,4,1,0
136,136,0,2,4,8,8,7,1,2,0,0,3,7,4,2,2
137,137,2,2,7,10,10,7,2,0,0,0,1,6,3,0,0
138,138,0,1,1,1,3,7,5,5,3,1,3,4,4,6,6
139,139,0,0,4,7,8,7,4,4,0,0,3,6,2,3,2
140,140,0,0,1,5,8,7,6,3,3,0,3,4,6,2,2
141,141,0,1,1,6,7,7,7,3,0,1,3,2,6,4,2
142,142,0,1,2,5,7,6,4,2,2,0,4,5,6,3,3
143,143,2,1,3,4,5,5,3,2,1,2,3,6,5,5,3
144,144,1,1,4,8,10,2,1,1,1,0,7,8,5,1,0
145,145,0,2,4,3,8,5,4,3,1,0,5,4,3,6,2
146,146,1,2,4,8,9,6,3,3,0,1,3,5,3,2,0
147,147,3,6,5,5,6,3,1,0,0,0,4,3,5,5,4
148,148,0,2,5,8,10,7,4,1,0,0,3,4,4,2,0
149,149,0,1,4,3,6,8,7,5,0,0,2,2,1,7,4
150,150,2,2,2,4,5,6,4,1,0,0,2,4,7,6,5
151,151,1,2,3,8,8,5,3,1,0,0,4,5,6,2,2
152,152,0,0,1,3,6,8,8,4,1,1,2,2,5,6,3
153,153,0,1,1,4,7,7,6,3,1,0,3,3,6,5,3
154,154,4,4,3,8,10,3,1,0,0,0,3,5,7,2,0
155,155,0,1,3,3,6,7,4,2,1,0,3,5,5,6,4
156,156,0,0,3,4,5,10,6,3,2,0,0,4,4,4,5
157,157,1,0,3,3,8,8,3,5,1,1,1,7,2,6,1
158,158,0,0,3,6,8,9,6,4,1,0,1,4,3,3,2
159,159,0,1,2,8,8,7,7,1,0,0,3,2,7,2,2
160,160,1,1,3,3,6,7,4,2,1,0,2,5,5,6,4
161,161,0,2,2,3,8,8,5,2,0,0,2,3,6,7,2
162,162,3,3,5,7,10,4,2,1,1,0,3,5,4,2,0
163,163,0,0,3,3,5,9,3,3,3,0,1,7,4,4,5
164,164,0,2,2,2,7,9,5,3,0,0,1,3,5,8,3
165,165,1,0,2,2,4,6,3,3,3,2,3,7,5,5,4
166,166,2,3,5,5,7,5,4,2,1,0,3,3,3,4,3
167,167,0,3,3,3,6,5,5,2,1,1,5,2,5,6,3
168,168,0,0,2,2,3,7,7,4,2,0,3,3,4,6,7
169,169,1,1,3,3,6,6,2,3,1,0,3,7,4,6,4
170,170,1,1,2,3,3,5,4,2,2,0,4,5,6,5,7
171,171,2,2,4,4,8,5,2,2,0,0,3,6,4,6,2
172,172,0,2,2,3,5,3,3,3,2,0,7,5,5,5,5
173,173,0,3,4,5,6,3,4,2,1,0,7,3,4,4,4
174,174,0,0,3,5,5,8,5,4,1,1,2,5,3,4,4
175,175,0,1,2,5,8,4,3,3,1,0,6,6,5,4,2
176,176,0,2,2,8,8,5,4,2,0,0,5,4,6,2,2
177,177,3,3,5,8,8,4,3,0,0,0,3,4,5,2,2
178,178,1,0,3,3,8,8,4,4,2,0,1,6,3,5,2
179,179,0,3,3,3,5,4,3,3,1,0,6,4,4,6,5
180,180,0,0,2,4,7,9,4,5,1,0,1,6,3,5,3
181,181,1,1,5,7,8,6,4,2,1,0,3,5,3,2,2
182,182,0,0,0,2,4,10,8,6,5,2,0,2,4,3,4
183,183,0,0,1,4,8,6,2,2,0,1,4,8,7,6,1
184,184,1,3,4,5,10,8,5,0,0,0,1,2,6,5,0
185,185,2,3,5,7,8,3,2,2,2,0,5,5,3,1,2
186,186,2,3,4,6,5,4,1,1,2,0,4,6,5,2,5
187,187,2,2,2,4,6,4,2,2,2,1,4,6,6,4,3
188,188,1,0,2,3,8,6,4,4,0,0,3,6,4,7,2
189,189,0,1,4,4,10,4,5,1,0,0,6,4,5,6,0
190,190,0,1,2,5,7,8,5,0,1,0,2,4,8,4,3
191,191,0,1,2,6,7,9,6,1,2,0,1,3,7,2,3
192,192,0,1,3,8,10,6,7,2,0,0,4,2,5,2,0
193,193,2,4,4,8,10,3,1,0,0,0,5,5,6,2,0
194,194,1,2,3,7,8,4,3,1,0,0,5,5,6,3,2
195,195,1,2,3,5,7,5,4,3,1,0,4,4,4,4,3
196,196,0,2,3,5,7,7,3,0,0,1,3,5,7,5,2
197,197,2,2,5,7,10,2,1,0,1,0,6,7,5,2,0
198,198,0,1,2,7,7,6,5,4,1,1,4,4,4,2,2
199,199,0,1,2,5,7,7,5,4,1,0,3,4,4,4,3
200,200,0,1,2,1,6,7,7,3,1,0,3,2,5,8,4
201,201,4,10,10,10,10,2,0,0,0,0,4,0,0,0,0
202,202,2,2,4,6,10,5,3,1,0,0,3,5,5,4,0
203,203,1,1,3,5,8,5,4,2,0,0,4,5,5,5,2
204,204,0,2,2,5,6,5,5,3,2,0,5,3,5,3,4
205,205,1,1,1,6,8,8,7,5,0,0,1,2,4,4,2
206,206,1,3,3,4,8,3,4,1,0,0,6,3,6,6,2
207,207,1,1,5,5,6,5,3,1,0,1,4,6,4,5,3
208,208,0,0,1,4,7,10,8,4,3,0,0,2,5,3,3
209,209,0,0,2,3,5,9,6,3,1,0,1,4,5,6,5
210,210,1,1,5,6,7,3,1,1,0,1,6,8,4,4,2
211,211,0,1,2,4,10,6,4,4,0,0,4,5,4,6,0
212,212,1,2,1,4,6,8,7,2,4,0,1,1,7,2,4
213,213,0,2,3,7,10,6,4,1,0,0,4,4,6,3,0
214,214,0,1,2,6,10,7,5,2,0,0,3,4,6,4,0
215,215,0,1,5,6,8,4,1,1,0,0,6,8,4,4,2
216,216,2,4,6,4,8,6,3,2,0,0,2,3,2,6,2
217,217,2,3,6,8,10,3,1,0,0,0,5,6,4,2,0
218,218,3,1,6,8,8,5,0,0,0,0,2,9,4,2,2
219,219,1,2,2,3,4,6,4,2,1,0,3,4,6,6,6
220,220,1,2,5,7,6,5,2,0,1,0,4,6,5,2,4
221,221,0,1,5,8,10,6,3,0,0,0,4,6,5,2,0
222,222,1,2,1,2,6,6,6,3,2,1,3,2,6,6,3
223,223,0,2,2,4,7,6,4,3,1,0,4,4,5,5,3
224,224,1,1,3,3,4,6,3,4,2,1,3,6,3,5,5
225,225,1,1,2,6,8,2,2,2,1,0,7,7,6,3,2
226,226,0,2,2,5,6,9,3,0,2,0,1,5,8,3,4
227,227,0,1,2,8,10,8,4,2,0,0,2,5,6,2,0
228,228,1,1,4,4,6,7,4,2,1,0,2,5,4,5,4
229,229,0,2,3,6,6,5,3,0,1,0,5,5,7,3,4
230,230,0,0,2,4,4,9,5,5,3,0,1,5,3,3,6
231,231,2,3,2,5,8,7,4,2,0,0,1,3,6,5,2
232,232,0,0,2,2,5,10,6,3,3,0,0,4,5,5,5
233,233,0,1,2,1,6,6,4,2,1,1,4,5,6,8,3
234,234,0,0,3,4,10,9,7,4,2,0,1,3,3,4,0
235,235,0,1,1,3,8,9,4,2,1,0,1,5,7,6,2
236,236,0,0,1,4,6,10,7,5,2,0,0,3,4,4,4
237,237,1,2,4,5,4,4,3,2,2,1,5,5,4,3,5
238,238,0,2,6,8,8,5,2,0,0,0,5,6,4,2,2
239,239,0,0,1,2,5,7,6,2,0,0,3,4,7,8,5
240,240,1,3,4,2,5,4,2,3,0,0,5,5,3,8,5
241,241,0,1,3,5,10,5,2,0,0,0,5,7,7,5,0
242,242,1,2,5,5,7,3,0,0,0,0,6,8,5,5,3
243,243,0,0,2,5,6,9,6,3,0,0,1,4,5,5,4
244,244,0,3,5,5,7,5,3,2,0,0,5,4,3,5,3
245,245,3,2,2,5,8,5,3,2,0,0,2,5,6,5,2
246,246,0,1,1,3,5,4,4,3,1,1,6,5,6,6,4
247,247,0,1,2,8,8,7,5,1,0,0,3,4,7,2,2
248,248,1,2,3,5,10,6,3,2,0,0,3,5,5,5,0
249,249,2,2,5,6,10,3,2,1,0,0,5,6,4,4,0
250,250,1,2,0,4,6,9,6,0,3,1,0,2,10,3,3
251,251,0,1,5,6,8,4,2,0,1,0,6,7,5,3,2
252,252,0,0,1,1,6,9,7,6,0,1,1,3,3,9,3
253,253,1,3,8,8,8,4,2,0,0,0,5,5,2,2,2
254,254,1,3,4,3,6,6,5,3,1,0,3,2,3,6,4
255,255,0,1,3,3,6,7,5,2,0,0,3,4,5,7,4
256,256,2,4,4,6,8,3,2,0,0,0,5,4,6,4,2
257,257,0,2,6,6,6,4,1,1,0,0,6,7,3,4,4
258,258,2,1,5,7,10,5,2,0,0,0,3,7,5,3,0
259,259,0,0,1,4,6,6,5,3,1,0,4,5,6,5,4
260,260,0,1,1,3,6,9,6,3,0,1,1,3,6,7,3
261,261,1,2,6,8,10,4,1,0,0,0,5,7,4,2,0
262,262,0,1,3,6,7,4,2,0,0,1,6,7,7,4,2
263,263,0,0,0,5,5,7,5,3,2,0,3,5,7,3,5
264,264,0,2,4,5,6,6,3,2,1,0,4,5,4,4,4
265,265,1,2,3,2,4,2,3,3,0,0,7,5,4,8,6
266,266,0,0,2,5,5,7,5,3,2,0,3,5,5,3,5
267,267,0,2,2,6,8,7,6,5,1,0,3,2,3,3,2
268,268,0,0,1,2,6,5,3,1,1,2,5,7,8,7,2
269,269,0,3,6,7,8,5,3,0,0,0,5,4,4,3,2
270,270,2,4,5,4,8,3,2,1,0,0,5,4,4,6,2
271,271,1,3,5,7,8,2,2,0,1,0,7,5,5,2,2
272,272,0,2,4,3,5,9,4,3,1,1,1,4,3,6,4
273,273,1,2,6,7,8,7,2,1,0,0,2,6,3,3,2
274,274,0,0,1,3,6,9,6,3,2,1,1,4,6,5,3
275,275,1,1,1,4,10,7,5,2,2,0,2,4,7,4,0
276,276,0,2,3,4,8,7,5,2,1,0,3,3,5,5,2
277,277,1,3,5,6,10,4,3,1,0,0,5,4,4,4,0
278,278,0,2,3,6,8,5,3,1,1,0,5,5,6,3,2
279,279,2,3,3,5,8,4,3,0,0,0,4,4,7,5,2
280,280,1,3,4,7,7,5,2,1,0,0,4,5,5,3,3
281,281,2,0,3,2,4,8,5,4,3,1,0,5,3,5,5
282,282,2,3,4,5,10,4,2,1,2,0,4,5,5,3,0
283,283,2,1,6,5,10,3,1,2,1,0,5,8,2,4,0
284,284,1,2,3,5,7,3,2,0,1,1,6,6,7,4,2
285,285,1,1,1,2,6,7,4,2,1,1,2,5,7,7,3
286,286,1,1,2,4,7,7,3,1,0,0,2,6,7,6,3
287,287,0,0,2,5,9,9,4,2,0,1,1,6,6,5,0
288,288,1,3,3,2,6,3,4,3,1,1,6,3,4,7,3
289,289,1,2,5,5,8,5,1,0,0,0,4,7,5,5,2
290,290,0,2,6,7,10,6,1,0,0,0,4,7,4,3,0
291,291,0,3,6,10,10,5,2,1,0,0,5,5,3,0,0
292,292,2,4,6,8,8,4,0,0,2,0,4,6,4,0,2
293,293,0,2,1,5,8,7,4,1,2,0,3,4,8,3,2
294,294,1,3,4,2,5,4,2,2,0,1,5,5,4,8,4
295,295,2,4,10,10,10,5,2,0,0,0,3,4,0,0,0
296,296,1,3,5,6,10,3,2,3,0,0,6,5,2,4,0
297,297,1,2,3,7,8,6,4,2,1,0,3,4,5,2,2
298,298,0,1,1,2,8,6,2,2,0,0,4,7,7,8,2
299,299,0,1,3,4,6,5,3,3,1,1,5,6,4,5,3
300,300,1,2,3,6,7,9,1,1,3,1,0,7,6,1,2
301,301,1,2,4,8,8,4,2,2,0,0,5,6,4,2,2
302,302,0,0,1,3,5,9,6,2,0,1,1,4,7,7,4
303,303,1,3,4,3,10,6,4,2,1,0,3,3,4,6,0
304,304,1,2,3,5,10,6,3,1,0,0,3,5,6,5,0
305,305,2,3,2,8,10,7,2,0,1,0,1,5,8,1,0
306,306,0,1,2,8,10,7,4,2,1,0,3,5,6,1,0
307,307,0,2,2,5,10,6,7,4,1,0,4,1,4,4,0
308,308,0,1,3,4,6,6,3,1,2,1,4,6,6,4,3
309,309,1,4,6,6,6,4,4,0,0,0,5,2,4,4,4
310,310,0,3,4,4,9,2,2,3,1,1,8,5,3,5,0
311,311,0,1,2,2,6,7,5,4,1,1,3,4,4,7,3
312,312,0,0,2,3,4,9,4,3,3,3,1,6,5,4,3
313,313,0,1,4,5,7,7,4,1,1,1,3,5,5,4,2
314,314,0,2,2,4,10,8,5,3,1,0,2,3,5,5,0
315,315,0,0,1,3,5,9,5,6,3,0,1,5,3,4,5
316,316,1,3,6,7,8,3,1,1,1,0,6,6,3,2,2
317,317,0,1,2,4,8,6,5,3,1,0,4,4,5,5,2
318,318,0,0,1,2,6,8,6,2,2,0,2,4,7,6,4
319,319,2,2,2,2,3,6,3,2,2,0,2,5,6,6,7
320,320,1,2,6,10,10,8,2,2,0,0,1,6,2,0,0
321,321,0,1,4,10,10,4,3,1,0,0,6,6,5,0,0
322,322,0,3,5,7,8,7,1,0,0,0,3,6,5,3,2
323,323,0,0,4,7,10,8,6,0,0,0,2,4,6,3,0
324,324,0,2,3,4,6,5,4,5,2,1,5,4,2,4,3
325,325,0,1,3,5,5,4,5,3,2,1,6,4,4,3,4
326,326,1,2,2,8,10,7,5,2,0,0,2,3,6,2,0
327,327,0,2,4,6,8,7,3,1,0,0,3,5,5,4,2
328,328,3,4,4,6,6,1,2,1,1,1,6,4,5,3,3
329,329,1,1,4,2,10,3,2,4,2,0,6,7,2,6,0
330,330,1,0,3,5,10,5,4,5,0,0,4,6,2,5,0
331,331,0,1,0,2,7,10,7,3,2,1,0,2,7,6,2
332,332,1,0,0,3,5,9,6,3,2,1,0,4,7,5,4
333,333,1,2,2,8,8,6,2,0,0,0,3,6,8,2,2
334,334,1,2,4,10,10,5,2,1,0,0,4,6,5,0,0
335,335,0,0,3,3,8,6,4,3,0,1,4,6,4,7,1
336,336,1,2,3,5,5,3,1,1,1,1,6,7,6,4,4
337,337,0,0,1,2,4,6,5,5,2,0,4,5,4,6,6
338,338,3,2,4,5,7,4,1,1,2,1,3,7,5,3,2
339,339,1,2,4,8,10,6,4,0,0,0,3,4,6,2,0
340,340,1,0,1,4,8,6,5,0,2,0,3,5,9,4,2
341,341,2,3,5,9,10,7,2,1,1,0,1,5,4,0,0
342,342,1,2,5,8,8,7,4,0,0,0,2,4,5,2,2
343,343,0,0,1,3,3,8,5,5,2,0,2,5,4,5,7
344,344,1,1,3,5,6,8,5,1,2,0,1,4,6,3,4
345,345,0,3,2,6,10,7,4,2,1,0,3,3,6,3,0
346,346,0,2,3,3,6,10,4,4,2,0,0,4,3,5,4
347,347,1,2,8,10,10,6,2,0,0,0,3,6,2,0,0
348,348,0,0,4,6,6,9,5,4,2,1,1,5,2,2,3
349,349,2,1,2,3,5,3,0,0,0,0,5,9,8,7,5
350,350,0,1,4,8,10,4,1,2,0,0,6,8,4,2,0
351,351,0,1,2,2,5,6,4,4,2,1,4,5,4,6,4
352,352,4,6,8,10,10,2,0,0,0,0,4,4,2,0,0
353,353,2,3,5,6,8,3,0,0,1,0,5,7,5,3,2
354,354,0,0,2,2,8,9,7,3,1,0,1,3,5,7,2
355,355,1,1,3,6,8,8,3,1,0,0,1,6,6,4,2
356,356,1,2,4,3,8,5,3,1,0,0,4,5,5,7,2
357,357,0,0,2,2,4,8,6,3,1,1,2,4,5,7,5
358,358,0,2,4,6,6,3,2,1,1,1,7,6,5,3,3
359,359,0,1,1,4,5,6,6,4,5,1,4,3,5,1,4
360,360,0,2,1,5,5,6,4,2,2,0,4,4,7,3,5
361,361,0,2,1,4,7,7,6,3,1,0,3,2,6,5,3
362,362,2,1,6,6,7,5,2,1,0,0,3,7,3,4,3
363,363,0,3,4,7,8,6,2,0,1,0,4,5,6,2,2
364,364,0,1,4,4,7,5,1,1,0,0,5,8,5,6,3
365,365,1,1,2,5,8,7,7,1,1,0,2,2,7,4,2
366,366,3,4,6,7,6,2,1,0,1,0,5,5,4,2,4
367,367,1,5,3,6,10,4,3,1,0,0,5,2,6,4,0
368,368,0,0,2,3,6,7,4,3,2,0,3,6,5,5,4
369,369,0,0,0,3,8,8,5,2,1,1,2,5,8,6,1
370,370,1,2,2,5,7,6,4,4,2,1,3,4,4,3,2
371,371,1,3,3,5,5,6,3,1,2,1,3,4,6,3,4
372,372,1,1,2,5,5,6,6,2,1,0,3,3,6,4,5
373,373,0,0,1,2,5,6,4,3,2,0,4,6,6,6,5
374,374,0,2,4,6,5,7,5,3,1,0,3,3,3,3,5
375,375,1,1,6,6,10,7,4,2,0,0,2,5,2,4,0
376,376,2,4,3,6,6,4,3,1,1,0,4,3,6,3,4
377,377,0,1,4,6,8,8,2,1,0,0,2,7,5,4,2
378,378,2,2,5,5,8,3,2,1,0,0,5,6,4,5,2
379,379,1,2,4,4,7,5,3,2,1,2,4,5,4,5,1
380,380,0,1,3,4,8,4,4,2,1,0,6,5,5,5,2
381,381,0,3,9,10,10,6,4,1,0,0,4,3,0,0,0
382,382,1,3,6,7,8,4,1,1,0,0,5,6,3,3,2
383,383,2,5,6,8,10,4,0,0,0,0,4,5,4,2,0
384,384,1,2,4,6,8,7,3,2,0,0,2,5,4,4,2
385,385,0,1,3,5,10,7,5,2,1,0,3,4,5,4,0
386,386,0,1,2,4,6,7,4,2,1,2,3,5,6,5,2
387,387,0,1,2,4,6,3,3,1,0,0,7,6,7,6,4
388,388,2,3,1,6,9,6,6,2,0,1,2,1,7,4,0
389,389,2,0,5,6,5,6,3,3,2,0,2,7,2,2,5
390,390,2,3,7,8,10,4,2,0,0,0,4,5,3,2,0
391,391,0,1,3,5,8,6,4,4,0,0,4,5,3,5,2
392,392,1,2,4,5,6,5,4,1,1,0,4,4,5,4,4
393,393,2,3,6,10,10,5,2,0,0,0,3,5,4,0,0
394,394,2,1,3,3,4,5,3,2,1,0,3,6,5,6,6
395,395,1,1,2,6,9,7,5,2,0,1,2,4,6,4,0
396,396,0,4,4,5,5,3,2,1,1,0,7,4,5,4,5
397,397,0,3,6,5,8,3,2,1,0,0,7,5,3,5,2
398,398,1,2,6,6,7,5,4,2,1,1,4,4,2,3,2
399,399,1,2,3,8,10,6,3,0,0,0,3,5,7,2,0
400,400,0,1,1,5,5,8,5,4,3,1,2,4,5,2,4
401,401,1,1,1,4,7,5,4,3,2,0,4,5,6,4,3
402,402,2,2,4,7,9,5,2,4,0,1,3,6,2,3,0
403,403,0,0,4,8,10,6,4,1,1,0,4,6,5,1,0
404,404,0,2,3,4,7,5,3,2,1,1,5,5,5,5,2
405,405,0,3,2,3,5,3,4,2,1,0,7,3,6,6,5
406,406,0,0,3,4,7,10,3,3,1,1,0,7,4,5,2
407,407,0,2,3,5,8,8,6,3,0,0,2,2,4,5,2
408,408,0,0,3,5,7,8,4,3,1,1,2,6,4,4,2
409,409,1,2,2,5,6,8,6,3,0,1,1,2,5,5,3
410,410,0,1,4,7,7,3,3,0,1,0,7,6,6,2,3
411,411,0,0,2,3,7,8,5,2,0,1,2,5,6,7,2
412,412,0,0,2,3,6,5,4,2,1,0,5,6,6,6,4
413,413,0,1,2,4,8,5,4,1,1,0,5,5,7,5,2
414,414,1,2,5,7,8,6,4,1,0,0,3,4,4,3,2
415,415,0,1,4,4,4,5,4,2,2,0,5,5,4,4,6
416,416,0,2,5,4,9,3,4,4,2,1,7,4,1,4,0
417,417,0,0,4,8,8,6,4,2,0,0,4,6,4,2,2
418,418,0,4,3,4,7,4,5,2,0,0,6,1,5,6,3
419,419,1,2,2,4,8,4,4,2,1,0,5,4,6,5,2
420,420,0,0,3,5,8,9,4,3,2,0,1,6,4,3,2
421,421,0,1,0,2,4,7,5,2,1,0,3,4,8,7,6
422,422,0,0,0,6,7,10,7,6,2,1,0,3,4,2,2
423,423,1,3,3,6,8,5,5,1,0,0,4,2,6,4,2
424,424,3,0,2,2,7,6,3,3,1,0,1,7,5,7,3
425,425,0,0,2,3,6,7,6,3,1,0,3,4,5,6,4
426,426,2,1,3,4,10,5,2,2,1,0,3,7,5,5,0
427,427,1,2,5,8,10,4,0,1,0,0,5,8,4,2,0
428,428,0,0,1,3,10,8,6,5,1,0,2,4,4,6,0
429,429,1,2,3,4,9,5,6,4,2,1,4,2,3,4,0
430,430,0,0,3,3,7,7,3,4,0,1,3,7,3,7,2
431,431,1,0,0,3,8,6,4,3,0,0,3,6,7,7,2
432,432,1,1,2,7,6,7,3,0,1,0,2,6,8,2,4
433,433,0,2,6,7,10,8,3,3,0,0,2,5,1,3,0
434,434,0,1,3,5,7,9,4,1,0,1,1,5,6,5,2
435,435,0,0,2,2,7,8,6,5,2,1,2,4,3,6,2
436,436,1,2,3,4,6,7,3,1,0,0,2,5,6,6,4
437,437,0,3,5,6,8,4,3,0,0,0,6,4,5,4,2
438,438,2,1,1,2,5,6,4,2,1,3,2,5,7,7,2
439,439,2,4,7,10,10,2,1,0,0,0,6,5,3,0,0
440,440,0,0,1,4,10,8,8,6,0,0,2,2,3,6,0
441,441,1,2,3,8,10,3,1,2,0,0,6,7,5,2,0
442,442,2,4,5,6,5,2,2,0,1,0,6,4,5,3,5
443,443,0,0,2,4,8,5,5,5,3,0,5,5,3,3,2
444,444,0,0,0,4,3,9,9,7,5,3,1,1,3,1,4
445,445,0,1,2,2,7,6,6,3,1,0,4,3,5,7,3
446,446,1,1,4,4,6,4,2,1,1,1,5,7,5,5,3
447,447,0,1,4,4,7,4,3,3,1,3,6,6,3,5,0
448,448,1,3,4,7,7,5,5,0,0,0,4,2,6,3,3
449,449,0,2,3,2,3,9,3,2,1,1,1,5,5,7,6
450,450,0,1,3,4,10,2,2,2,1,0,8,7,5,5,0
451,451,0,3,5,7,10,6,4,1,0,0,4,3,4,3,0
452,452,1,2,4,4,4,4,4,3,1,0,5,4,3,5,6
453,453,0,2,3,3,2,3,3,4,3,1,7,5,3,4,7
454,454,0,1,4,4,6,7,7,3,0,0,3,2,3,6,4
455,455,3,6,10,10,10,3,1,0,0,0,4,3,0,0,0
456,456,1,4,2,5,7,4,4,2,2,0,5,2,6,3,3
457,457,0,0,0,3,7,7,6,4,2,1,3,4,6,5,2
458,458,0,0,3,3,7,9,7,3,1,2,1,3,4,6,1
459,459,0,2,2,5,6,2,2,0,0,1,8,6,8,5,3
460,460,0,0,2,1,5,7,5,5,1,0,3,5,3,8,5
461,461,1,2,3,3,7,7,3,2,0,1,2,5,5,7,2
462,462,0,0,4,6,7,8,5,2,0,1,2,5,4,4,2
463,463,0,0,3,1,5,7,5,5,2,0,3,5,2,7,5
464,464,0,0,1,2,5,9,6,6,3,0,1,4,3,5,5
465,465,0,1,2,3,6,7,2,2,1,0,3,7,6,6,4
466,466,0,2,3,2,4,3,3,4,3,0,7,5,3,5,6
467,467,0,1,4,3,6,5,2,3,1,1,5,7,3,6,3
468,468,0,0,1,4,8,7,5,2,1,2,3,5,7,5,0
469,469,0,1,2,3,5,8,5,5,2,1,2,4,3,5,4
470,470,0,2,3,5,5,5,0,1,0,0,5,8,6,5,5
471,471,0,1,3,7,7,9,6,2,1,0,1,3,5,2,3
472,472,0,0,2,3,5,8,5,3,3,0,2,5,5,4,5
473,473,1,2,3,6,10,4,3,0,2,0,5,5,7,2,0
474,474,2,1,2,5,4,5,1,1,1,0,3,8,7,4,6
475,475,1,0,2,5,7,7,5,0,3,1,2,5,8,2,2
476,476,0,2,1,3,4,7,4,3,3,0,3,4,6,4,6
477,477,1,4,7,8,10,6,1,0,0,0,3,5,3,2,0
478,478,0,2,4,5,8,4,5,3,1,0,6,3,3,4,2
479,479,0,0,3,2,7,6,4,3,1,1,4,6,4,7,2
480,480,0,0,2,2,6,4,4,3,0,0,6,6,5,8,4
481,481,0,3,4,5,8,5,3,3,1,0,5,4,3,4,2
482,482,1,2,2,2,5,5,5,4,0,1,4,3,4,8,4
483,483,3,3,7,10,10,3,2,0,0,0,4,5,3,0,0
484,484,0,2,2,5,6,6,4,3,4,1,4,4,5,1,3
485,485,0,3,7,8,10,4,1,1,0,0,6,6,2,2,0
486,486,0,1,1,6,8,7,4,1,2,0,3,5,8,2,2
487,487,1,1,4,4,7,5,3,1,0,0,4,6,5,6,3
488,488,1,2,3,5,6,6,2,1,1,0,3,6,6,4,4
489,489,1,2,3,5,8,4,1,1,1,0,5,7,6,4,2
490,490,1,3,10,10,10,3,1,0,0,0,6,6,0,0,0
491,491,0,1,5,3,8,8,3,4,0,0,2,6,1,7,2
492,492,0,1,2,6,8,5,3,2,2,1,5,6,6,2,1
493,493,0,3,4,4,7,3,2,2,0,1,7,5,4,6,2
494,494,0,1,1,2,4,6,6,5,2,1,4,3,4,6,5
495,495,0,1,1,5,5,10,7,2,2,0,0,2,7,3,5
496,496,0,0,1,3,7,8,4,4,2,1,2,6,5,5,2
497,497,0,1,2,5,8,8,7,3,0,0,2,2,5,5,2
498,498,1,3,6,7,8,5,1,0,0,1,4,6,4,3,1
499,499,2,1,1,2,5,5,3,2,2,1,3,6,7,6,4
500,500,0,0,4,7,8,7,5,3,2,0,3,5,3,1,2
501,501,0,1,0,3,5,7,5,3,0,1,3,4,7,7,4
502,502,0,2,4,5,7,3,3,3,1,1,7,5,3,4,2
503,503,0,2,3,5,6,4,2,1,1,1,6,6,6,4,3
504,504,0,2,2,4,5,6,5,2,2,1,4,3,6,4,4
505,505,1,3,4,6,7,5,4,1,1,0,4,3,5,3,3
506,506,0,3,2,2,1,6,4,2,1,0,4,3,6,7,9
507,507,0,0,2,5,10,8,6,2,1,0,2,4,6,4,0
508,508,0,2,3,5,8,8,6,1,1,0,2,2,6,4,2
509,509,0,1,2,2,4,7,6,4,0,0,3,3,4,8,6
510,510,1,2,6,10,10,5,2,1,0,0,4,6,3,0,0
511,511,0,1,3,8,10,9,5,0,0,0,1,4,7,2,0
512,512,2,2,3,5,7,4,2,1,0,0,4,6,6,5,3
513,513,0,1,4,5,8,7,4,1,0,1,3,5,5,5,1
514,514,1,1,3,7,8,3,3,2,0,0,6,6,5,3,2
515,515,0,0,2,7,10,8,5,1,1,0,2,5,7,2,0
516,516,1,4,6,6,8,5,3,0,0,0,4,3,4,4,2
517,517,0,1,2,4,6,8,4,1,2,0,2,5,7,4,4
518,518,0,2,4,4,8,7,7,4,1,0,3,1,2,5,2
519,519,1,2,5,8,7,3,3,1,1,0,6,5,4,1,3
520,520,0,0,2,1,10,8,6,4,0,0,2,4,4,9,0
521,521,1,4,7,10,10,4,1,0,0,0,5,5,3,0,0
522,522,1,0,4,4,6,4,3,3,2,1,5,7,3,4,3
523,523,0,0,3,4,7,8,4,2,1,0,2,6,5,5,3
524,524,0,3,4,8,8,5,4,1,0,0,5,3,5,2,2
525,525,0,3,5,7,8,4,2,1,0,0,6,5,4,3,2
526,526,1,2,0,3,5,7,4,1,1,0,2,4,9,6,5
527,527,0,1,0,4,4,7,4,1,1,0,3,5,9,5,6
528,528,0,2,4,8,10,5,3,0,0,0,5,5,6,2,0
529,529,3,5,7,10,10,3,2,0,0,0,4,3,3,0,0
530,530,2,3,5,8,10,3,1,0,1,0,5,6,5,1,0
531,531,1,1,3,6,6,3,3,3,0,0,6,6,4,4,4
532,532,0,2,3,6,8,6,7,3,1,1,4,1,4,3,1
533,533,1,6,8,10,10,3,0,0,0,0,6,4,2,0,0
534,534,0,2,3,3,5,3,3,4,1,0,7,5,3,6,5
535,535,1,3,4,8,10,5,3,2,0,0,4,4,4,2,0
536,536,0,2,2,6,8,6,4,1,0,0,4,4,7,4,2
537,537,0,0,1,2,5,8,7,5,4,0,2,3,4,4,5
538,538,0,0,3,3,6,9,5,4,2,1,1,5,3,5,3
539,539,0,0,1,3,3,10,8,6,5,3,0,2,3,2,4
540,540,1,1,5,8,8,7,5,0,0,0,2,4,5,2,2
541,541,2,3,4,8,8,4,4,1,1,0,4,3,5,1,2
542,542,0,1,4,6,8,5,3,4,0,0,5,6,2,4,2
543,543,0,0,0,1,3,8,6,3,1,1,2,4,7,8,6
544,544,1,0,1,2,8,5,4,3,1,0,4,6,6,7,2
545,545,2,7,8,10,10,2,1,0,0,0,6,2,2,0,0
546,546,1,4,4,4,6,4,3,1,0,0,5,3,5,6,4
547,547,0,0,0,3,3,10,5,4,4,1,0,5,6,3,6
548,548,0,1,2,3,7,5,2,3,1,1,5,7,5,6,2
549,549,1,3,2,4,8,7,6,2,2,0,2,1,6,4,2
550,550,1,3,6,6,8,3,2,0,0,0,6,5,4,4,2
551,551,0,0,2,4,6,8,6,6,0,0,2,4,2,6,4
552,552,0,1,3,7,8,7,4,0,0,0,3,5,7,3,2
553,553,0,1,3,4,8,9,5,2,1,0,1,4,5,5,2
554,554,1,3,5,5,6,4,3,1,0,0,5,4,4,5,4
555,555,1,2,2,4,7,3,3,2,3,0,6,5,6,3,3
556,556,1,0,3,5,6,6,2,2,1,0,3,8,5,4,4
557,557,2,2,3,8,10,5,2,1,1,0,3,6,6,1,0
558,558,0,1,2,6,8,6,5,3,0,0,4,4,5,4,2
559,559,3,4,3,5,8,3,3,1,1,0,4,3,6,4,2
560,560,1,1,3,4,6,6,5,5,1,2,3,4,2,5,2
561,561,0,2,2,3,5,5,4,3,1,0,5,4,5,6,5
562,562,2,3,3,6,8,6,3,3,0,0,2,4,4,4,2
563,563,1,1,3,5,6,6,5,2,1,0,3,4,5,4,4
564,564,0,2,2,6,9,7,6,2,1,1,3,2,6,3,0
565,565,1,0,2,4,6,8,4,2,0,0,1,6,6,6,4
566,566,1,2,3,6,8,9,4,1,1,0,0,4,6,3,2
567,567,0,0,1,3,10,8,7,5,1,0,2,3,4,6,0
568,568,0,2,4,7,8,5,3,0,0,0,5,5,6,3,2
569,569,1,2,4,8,10,4,2,2,0,0,5,6,4,2,0
570,570,0,1,4,5,7,4,3,1,0,0,6,6,5,5,3
571,571,2,3,5,6,8,3,4,0,0,0,5,3,5,4,2
572,572,0,1,1,4,9,8,5,3,2,1,2,4,6,4,0
573,573,0,0,2,4,5,6,4,1,2,0,4,6,7,4,5
574,574,1,1,3,2,6,7,4,4,1,2,2,5,3,7,2
575,575,0,2,2,7,8,4,2,1,1,0,6,6,7,2,2
576,576,1,1,1,2,6,7,5,2,2,1,2,4,7,6,3
577,577,1,2,1,7,8,6,6,2,0,0,3,2,7,3,2
578,578,0,3,4,4,6,4,3,2,0,1,6,4,4,6,3
579,579,0,1,1,4,4,8,5,2,2,1,2,4,7,4,5
580,580,0,0,1,4,5,7,5,3,2,1,3,5,6,4,4
581,581,1,1,0,4,3,7,5,3,3,1,2,4,7,3,6
582,582,0,3,1,2,5,6,6,3,1,0,4,1,6,7,5
583,583,3,1,4,5,6,4,1,3,2,0,3,8,3,3,4
584,584,0,2,4,7,7,8,3,2,0,0,2,5,4,3,3
585,585,3,4,4,5,10,4,4,0,0,0,3,2,6,5,0
586,586,2,4,5,7,8,2,4,0,0,1,6,2,5,3,1
587,587,1,3,5,5,6,3,1,1,0,1,6,6,4,5,3
588,588,0,1,3,4,7,5,2,2,0,0,5,7,5,6,3
589,589,0,1,3,5,7,7,5,3,1,0,3,4,4,4,3
590,590,0,1,2,7,8,6,2,2,0,0,4,7,6,3,2
591,591,0,1,3,6,6,7,4,3,1,1,3,5,4,3,3
592,592,0,1,2,4,10,7,3,2,0,0,3,6,6,6,0
593,593,1,3,3,4,10,5,3,2,0,0,4,4,5,6,0
594,594,1,2,3,4,7,4,3,2,0,1,5,5,5,6,2
595,595,0,0,1,4,6,7,6,1,2,0,3,4,8,4,4
596,596,0,1,3,6,8,4,2,2,0,0,6,7,5,4,2
597,597,1,4,8,10,10,3,2,0,0,0,6,4,2,0,0
598,598,1,0,3,5,6,8,6,2,2,0,1,4,5,3,4
599,599,1,2,3,5,3,4,2,2,4,0,5,6,5,1,7
600,600,0,0,6,8,10,5,3,2,0,0,5,7,2,2,0
601,601,1,3,2,3,6,6,5,4,1,2,3,2,4,6,2
602,602,1,0,4,5,8,5,4,1,1,0,4,6,5,4,2
603,603,0,2,2,5,6,6,6,5,0,0,4,2,3,5,4
604,604,0,4,5,7,8,3,3,1,1,0,7,3,4,2,2
605,605,1,3,4,5,6,5,3,1,0,0,4,4,5,5,4
606,606,1,2,1,5,6,6,6,4,3,0,3,2,5,2,4
607,607,1,2,2,5,7,6,5,2,1,0,3,3,6,4,3
608,608,1,2,1,6,8,6,4,3,0,1,3,4,6,4,1
609,609,1,3,5,8,10,6,2,1,0,0,3,5,4,2,0
610,610,0,0,2,6,8,9,5,5,1,0,1,5,3,3,2
611,611,1,2,4,5,8,4,2,2,1,0,5,6,4,4,2
612,612,0,1,2,2,8,8,4,3,1,0,2,5,5,7,2
613,613,1,2,6,10,10,6,0,1,0,0,3,8,3,0,0
614,614,1,2,4,6,8,2,0,0,1,1,7,8,6,3,1
615,615,1,1,3,6,5,5,2,2,2,1,4,7,5,2,4
616,616,0,2,2,3,7,5,4,3,1,1,5,4,5,6,2
617,617,0,0,4,6,10,8,2,1,0,0,2,8,5,4,0
618,618,1,6,9,8,10,1,0,1,0,0,8,4,0,2,0
619,619,0,0,3,4,4,6,6,3,2,1,4,4,4,4,5
620,620,1,2,1,5,8,5,5,3,1,0,4,3,6,4,2
621,621,0,1,1,4,7,9,3,2,1,1,1,6,7,5,2
622,622,0,0,3,4,7,9,6,3,1,1,1,4,4,5,2
623,623,0,2,1,6,10,7,5,2,0,0,3,3,7,4,0
624,624,2,3,4,3,7,4,2,3,1,1,4,5,3,6,2
625,625,0,1,1,3,6,5,4,3,2,0,5,5,6,5,4
626,626,0,2,2,6,7,7,5,1,1,2,3,3,7,3,1
627,627,0,1,3,4,5,7,6,2,2,1,3,3,5,4,4
628,628,0,2,3,3,4,9,5,5,1,0,1,3,2,6,6
629,629,1,5,6,7,8,7,1,0,0,0,2,4,4,3,2
630,630,0,2,2,3,8,5,5,5,2,0,5,3,3,5,2
631,631,1,1,2,3,4,5,4,4,2,0,4,5,4,5,6
632,632,0,0,3,3,6,7,5,3,1,0,3,5,4,6,4
633,633,0,0,1,2,6,9,5,3,3,0,1,5,6,5,4
634,634,0,4,5,7,8,5,2,1,1,0,5,4,4,2,2
635,635,0,0,3,3,7,8,4,5,3,1,2,6,2,4,2
636,636,1,1,1,5,5,7,4,2,0,0,2,5,7,5,5
637,637,2,1,5,7,10,5,1,0,1,0,3,8,5,2,0
638,638,1,1,4,3,7,5,4,3,0,0,4,5,3,7,3
639,639,1,1,4,6,9,4,3,1,0,1,5,6,5,4,0
640,640,0,1,2,4,7,5,3,2,1,0,5,6,6,5,3
641,641,0,1,2,2,6,7,4,3,2,1,3,5,5,6,3
642,642,0,1,4,6,7,6,6,2,1,0,4,3,4,3,3
643,643,0,0,1,5,8,7,6,5,0,0,3,4,4,5,2
644,644,1,1,0,5,8,4,3,2,2,0,5,6,8,3,2
645,645,1,5,6,7,8,3,3,1,0,0,6,2,3,3,2
646,646,0,0,2,8,8,7,5,2,0,0,3,5,6,2,2
647,647,0,1,1,4,6,8,6,3,1,0,2,3,6,5,4
648,648,0,0,2,4,6,10,7,5,1,0,0,3,3,5,4
649,649,1,2,7,8,8,5,2,2,0,0,4,6,1,2,2
650,650,0,1,1,8,8,8,5,3,1,1,2,4,6,1,1
651,651,0,1,3,4,10,9,3,2,1,0,1,6,5,5,0
652,652,1,4,3,8,8,6,3,0,0,0,3,3,7,2,2
653,653,0,2,4,5,6,6,3,1,2,1,4,5,5,3,3
654,654,0,0,1,3,7,10,7,5,2,0,0,3,4,5,3
655,655,1,3,5,5,7,6,2,3,2,0,3,5,2,3,3
656,656,1,1,4,4,6,5,3,1,1,1,4,6,5,5,3
657,657,1,5,6,6,7,3,3,3,1,2,6,2,1,3,1
658,658,1,0,3,3,7,8,5,5,0,1,1,5,2,7,2
659,659,0,2,1,5,7,9,5,2,1,0,1,3,7,4,3
660,660,0,1,1,1,8,7,6,3,0,0,3,3,6,9,2
661,661,1,2,2,8,8,5,3,0,0,0,4,5,8,2,2
662,662,1,3,7,8,8,5,1,0,1,0,4,6,3,1,2
663,663,0,0,0,3,7,9,6,4,2,0,1,4,6,5,3
664,664,0,0,1,1,2,9,7,6,2,1,1,3,3,7,7
665,665,4,4,8,8,10,3,1,0,0,0,3,5,2,2,0
666,666,1,5,5,6,10,3,1,0,1,0,6,4,5,3,0
667,667,6,6,6,8,10,1,1,0,0,0,3,3,4,2,0
668,668,0,2,2,4,3,9,7,2,2,1,1,1,6,4,6
669,669,0,2,3,6,8,3,3,1,2,0,7,5,6,2,2
670,670,2,1,3,4,7,7,4,1,0,0,1,5,6,6,3
671,671,1,0,1,3,8,8,5,2,2,0,1,5,7,5,2
672,672,0,1,0,5,8,7,6,3,4,0,3,3,7,1,2
673,673,1,1,1,3,6,5,4,3,2,0,4,5,6,5,4
674,674,2,2,3,5,9,5,3,1,1,1,3,5,6,4,0
675,675,0,2,2,6,7,5,4,1,0,1,5,4,7,4,2
676,676,0,2,2,3,8,6,5,3,1,0,4,3,5,6,2
677,677,1,2,2,4,10,4,4,2,0,0,5,4,6,6,0
678,678,1,0,3,5,6,5,2,1,0,0,4,8,6,5,4
679,679,1,2,5,6,8,3,2,0,1,0,6,6,5,3,2
680,680,1,1,2,3,5,7,3,4,1,0,2,6,4,6,5
681,681,0,1,1,4,3,5,4,2,3,0,5,5,7,3,7
682,682,0,2,5,6,10,4,3,2,0,0,6,5,3,4,0
683,683,0,2,1,6,7,6,4,1,2,2,4,4,8,2,1
684,684,0,0,3,5,7,5,3,3,1,1,5,7,4,4,2
685,685,2,2,4,5,8,5,1,2,2,1,3,7,4,3,1
686,686,1,2,1,5,7,5,3,1,1,1,4,5,8,4,2
687,687,1,0,0,4,4,7,3,2,3,2,2,7,8,3,4
688,688,1,1,2,4,4,5,4,2,2,0,4,5,6,4,6
689,689,0,3,4,5,6,6,3,1,0,1,4,4,5,5,3
690,690,0,2,2,4,6,8,5,4,1,2,2,3,4,5,2
691,691,0,0,3,4,7,6,4,4,2,0,4,6,3,4,3
692,692,2,3,3,10,10,5,4,2,0,0,3,3,5,0,0
693,693,3,1,4,5,5,7,1,0,1,0,0,8,6,4,5
694,694,1,1,0,6,8,6,4,0,0,0,3,5,10,4,2
695,695,0,1,3,3,3,5,4,2,1,0,5,5,5,6,7
696,696,0,1,0,4,6,5,5,2,3,0,5,4,8,3,4
697,697,0,1,2,4,5,9,7,3,4,0,1,2,5,2,5
698,698,0,0,4,5,8,5,3,1,0,0,5,7,5,5,2
699,699,1,1,5,7,10,6,4,2,0,0,3,5,3,3,0
700,700,1,1,2,5,3,6,4,3,2,0,3,5,5,3,7
701,701,0,0,2,1,5,8,5,5,2,0,2,5,3,7,5
702,702,1,3,3,5,7,3,4,2,1,1,6,3,5,4,2
703,703,1,0,2,6,10,5,3,4,0,0,4,7,4,4,0
704,704,2,2,1,6,8,4,3,1,3,0,4,5,8,1,2
705,705,1,1,1,2,6,5,4,2,2,2,4,5,7,6,2
706,706,0,1,3,2,6,4,3,4,0,0,6,6,3,8,4
707,707,1,3,6,10,10,4,2,0,0,0,5,5,4,0,0
708,708,0,2,0,3,4,9,7,3,2,1,1,1,7,5,5
709,709,1,3,3,7,8,5,4,3,1,0,4,3,4,2,2
710,710,0,1,4,7,6,6,4,3,1,0,4,5,3,2,4
711,711,0,1,2,3,4,6,3,3,1,0,4,6,5,6,6
712,712,5,2,3,5,6,5,2,0,0,1,0,6,7,5,3
713,713,2,5,6,6,8,4,1,0,0,0,4,4,4,4,2
714,714,2,3,5,8,10,6,1,1,0,0,2,6,4,2,0
715,715,0,1,2,3,8,6,5,4,2,0,4,4,4,5,2
716,716,1,1,5,5,6,8,3,3,2,0,1,6,2,3,4
717,717,1,2,3,7,8,5,3,2,2,0,4,5,5,1,2
718,718,1,2,3,4,7,4,2,1,0,0,5,6,6,6,3
719,719,0,0,1,4,4,10,5,4,1,0,0,5,5,5,6
720,720,0,2,5,5,8,8,4,1,0,0,2,4,4,5,2
721,721,1,4,6,7,7,4,1,0,0,0,5,5,4,3,3
722,722,1,2,7,7,10,3,1,0,0,0,6,7,3,3,0
723,723,0,0,3,4,6,7,5,4,0,0,3,5,3,6,4
724,724,0,1,5,7,9,4,2,1,0,1,6,7,4,3,0
725,725,0,1,4,4,5,5,3,4,1,1,5,6,2,5,4
726,726,0,3,6,6,7,3,2,3,1,0,7,5,1,3,3
727,727,0,0,2,6,8,8,7,1,1,0,2,3,7,3,2
728,728,0,1,3,3,3,4,4,3,2,1,6,5,4,5,6
729,729,2,4,7,7,10,4,1,1,0,0,4,5,2,3,0
730,730,0,1,3,6,8,6,2,0,0,0,4,7,7,4,2
731,731,0,3,1,3,10,4,6,3,1,0,6,1,6,6,0
732,732,1,1,0,5,8,4,4,2,1,0,5,5,8,4,2
733,733,1,4,9,10,10,4,1,1,0,0,5,5,0,0,0
734,734,1,2,5,8,8,7,3,3,0,0,2,5,2,2,2
735,735,1,1,5,6,8,6,2,1,0,0,3,7,4,4,2
736,736,0,1,2,2,7,6,6,5,2,0,4,3,3,6,3
737,737,2,4,4,6,8,4,2,0,1,0,4,4,6,3,2
738,738,1,3,4,7,7,5,3,2,1,0,4,4,4,2,3
739,739,0,2,5,5,8,5,4,2,0,0,5,4,3,5,2
740,740,0,0,1,3,5,7,4,4,2,0,3,6,5,5,5
741,741,1,0,4,6,6,5,4,2,1,0,4,6,4,3,4
742,742,0,5,4,5,5,2,4,1,1,1,8,1,5,4,4
743,743,2,1,5,7,10,6,4,1,0,0,2,5,4,3,0
744,744,0,3,4,5,6,5,3,1,0,1,5,4,5,5,3
745,745,1,2,3,7,10,5,2,2,0,0,4,6,5,3,0
746,746,0,2,4,5,7,5,1,2,2,1,5,7,4,3,2
747,747,0,2,2,4,8,8,6,5,3,0,2,2,3,3,2
748,748,1,2,5,5,8,4,2,2,0,0,5,6,3,5,2
749,749,0,2,4,8,8,5,5,3,1,0,5,3,3,1,2
750,750,0,0,2,6,8,5,3,4,2,0,5,7,4,2,2
751,751,0,0,2,3,6,7,6,4,1,1,3,4,4,6,3
752,752,1,1,4,5,8,4,3,0,0,0,5,6,6,5,2
753,753,1,1,3,5,5,6,3,2,2,0,3,6,5,3,5
754,754,2,3,6,6,8,2,2,1,1,0,6,5,3,3,2
755,755,1,0,2,5,10,7,4,3,1,0,2,6,5,4,0
756,756,2,4,7,5,8,6,1,2,0,0,2,5,1,5,2
757,757,1,0,4,6,10,6,3,3,0,0,3,7,3,4,0
758,758,0,0,1,1,3,9,6,6,3,0,1,4,3,6,7
759,759,1,3,5,7,8,6,3,2,0,0,3,4,3,3,2
760,760,0,1,2,5,10,6,5,2,2,0,4,4,6,3,0
761,761,0,0,3,2,6,9,4,4,2,1,1,6,3,6,3
762,762,0,1,2,7,8,7,4,2,0,0,3,5,6,3,2
763,763,0,1,2,3,5,7,5,3,1,0,3,4,5,6,5
764,764,1,1,2,5,5,5,3,1,3,0,4,6,7,2,5
765,765,2,4,8,10,10,5,3,0,0,0,3,3,2,0,0
766,766,2,3,5,8,8,4,2,0,1,0,4,5,5,1,2
767,767,2,3,5,8,10,3,2,0,0,0,5,5,5,2,0
768,768,0,2,3,3,5,5,3,3,1,2,5,5,4,6,3
769,769,2,3,4,4,6,2,3,3,0,1,6,4,3,6,3
770,770,1,0,3,5,7,8,4,0,1,0,1,6,7,4,3
771,771,0,2,2,5,7,6,3,1,2,0,4,5,7,3,3
772,772,2,2,3,5,8,5,2,2,0,0,3,6,5,5,2
773,773,0,0,1,4,8,8,3,2,1,0,2,7,7,5,2
774,774,0,4,4,4,5,8,3,3,2,0,2,3,3,4,5
775,775,0,0,5,4,10,7,6,4,0,0,3,4,1,6,0
776,776,3,4,5,7,8,4,1,2,1,0,3,5,3,2,2
777,777,2,4,7,6,7,5,0,1,0,0,3,6,2,4,3
778,778,0,2,1,5,7,6,3,1,1,0,4,5,8,4,3
779,779,0,2,3,3,8,7,2,2,1,0,3,6,5,6,2
780,780,1,2,2,8,8,5,3,0,0,0,4,5,8,2,2
781,781,0,1,2,4,8,8,7,5,1,0,2,2,3,5,2
782,782,1,2,2,5,7,4,3,2,1,0,5,5,6,4,3
783,783,1,1,4,5,8,7,3,3,1,0,2,6,3,4,2
784,784,3,2,2,5,7,4,3,2,1,1,3,5,6,4,2
785,785,0,1,6,7,8,5,1,0,1,0,5,8,4,2,2
786,786,0,2,0,3,5,7,6,3,4,1,3,2,7,3,4
787,787,2,1,2,5,8,7,5,1,1,0,1,4,7,4,2
788,788,3,3,6,8,8,3,1,1,0,0,4,6,3,2,2
789,789,2,3,5,6,8,4,2,0,0,0,4,5,5,4,2
790,790,1,2,3,5,10,6,3,3,0,0,3,5,4,5,0
791,791,0,0,0,2,4,8,6,4,3,2,2,4,6,5,4
792,792,0,0,1,7,8,6,4,4,0,0,4,6,5,3,2
793,793,2,4,6,7,10,2,3,2,0,0,6,3,2,3,0
794,794,1,1,1,6,6,7,6,3,2,1,2,3,6,2,3
795,795,0,1,4,7,8,6,3,2,0,0,4,6,4,3,2
796,796,1,1,3,2,5,5,2,1,0,1,4,7,6,8,4
797,797,2,1,1,4,8,5,3,3,2,0,3,6,6,4,2
798,798,1,1,6,7,8,3,1,1,0,0,6,8,3,3,2
799,799,0,1,0,3,4,8,8,3,3,3,2,1,7,4,3
800,800,2,2,2,2,4,5,3,3,2,1,3,5,5,6,5
801,801,5,6,6,8,10,4,3,1,0,0,1,1,3,2,0
802,802,0,2,4,5,8,7,4,2,0,0,3,4,4,5,2
803,803,1,1,3,5,7,8,4,1,0,0,1,5,6,5,3
804,804,2,2,4,5,5,6,6,3,2,0,2,2,3,3,5
805,805,0,3,4,7,8,4,5,2,0,0,6,2,4,3,2
806,806,0,0,1,3,7,9,5,4,2,0,1,5,5,5,3
807,807,2,3,5,8,10,6,2,0,1,0,2,5,5,1,0
808,808,3,4,5,6,5,6,3,1,1,0,1,3,4,3,5
809,809,4,4,6,8,10,2,1,0,0,0,4,5,4,2,0
810,810,0,1,2,5,8,6,4,3,1,0,4,5,5,4,2
811,811,0,0,1,4,7,5,4,1,2,0,5,6,8,4,3
812,812,0,1,1,3,5,8,6,3,1,0,2,3,6,6,5
813,813,1,1,2,2,5,4,3,2,2,1,5,6,6,6,4
814,814,1,2,3,5,4,4,1,1,1,0,5,7,6,4,6
815,815,0,0,2,3,5,9,9,3,1,2,1,1,5,6,3
816,816,2,4,4,6,10,4,3,1,1,0,4,3,5,3,0
817,817,0,1,3,5,6,8,6,2,0,0,2,3,5,5,4
818,818,1,2,3,3,6,5,2,2,1,1,4,6,5,6,3
819,819,1,1,3,4,10,5,3,1,1,0,4,6,6,5,0
820,820,0,0,0,6,8,6,2,1,1,0,4,8,9,3,2
821,821,0,2,5,7,7,5,3,2,1,0,5,5,3,2,3
822,822,1,2,1,4,5,5,4,1,3,1,4,4,8,3,4
823,823,2,1,2,4,8,6,3,2,1,0,2,6,6,5,2
824,824,0,2,5,10,10,8,4,2,0,0,2,4,3,0,0
825,825,0,1,3,4,8,7,4,2,2,0,3,5,5,4,2
826,826,1,1,3,4,8,7,6,1,0,0,2,3,6,6,2
827,827,1,4,6,5,10,4,2,1,0,0,5,4,3,5,0
828,828,4,7,8,10,10,1,0,1,0,0,5,3,1,0,0
829,829,1,2,1,5,6,6,5,3,3,2,3,3,6,2,2
830,830,1,1,5,8,8,7,2,1,1,0,2,7,4,1,2
831,831,0,2,3,3,4,4,3,3,2,0,6,5,4,5,6
832,832,0,0,2,4,8,6,5,3,0,0,4,5,5,6,2
833,833,0,2,4,4,8,8,5,2,2,1,2,3,4,4,1
834,834,3,4,4,8,10,3,2,1,0,0,4,4,5,2,0
835,835,0,1,3,4,8,8,6,3,0,0,2,3,4,6,2
836,836,1,1,2,5,9,6,4,2,1,1,3,5,6,4,0
837,837,1,2,3,6,7,7,2,2,1,1,2,6,5,3,2
838,838,0,0,2,7,6,8,2,1,1,0,2,8,7,2,4
839,839,1,3,6,8,8,3,2,0,0,0,6,5,4,2,2
840,840,2,3,5,6,8,5,2,1,0,0,3,5,4,4,2
841,841,1,0,3,3,6,3,2,5,0,2,6,8,2,7,2
842,842,0,1,2,4,8,8,4,2,1,0,2,5,6,5,2
843,843,0,0,1,1,5,8,4,5,4,1,2,6,4,5,4
844,844,0,2,1,1,2,8,5,2,1,0,2,3,7,8,8
845,845,0,1,3,3,5,7,3,4,0,1,3,6,3,7,4
846,846,0,0,1,3,7,10,7,5,3,0,0,3,4,4,3
847,847,3,3,4,10,10,4,2,0,0,0,3,5,6,0,0
848,848,0,2,2,4,3,5,5,1,2,0,5,3,7,4,7
849,849,3,4,6,8,8,2,1,1,0,0,5,5,3,2,2
850,850,2,1,7,7,8,4,2,0,0,1,4,7,3,3,1
851,851,0,0,3,6,10,6,4,2,0,0,4,6,5,4,0
852,852,3,3,2,7,10,5,4,1,0,0,2,3,7,3,0
853,853,1,4,4,5,8,6,3,2,2,2,3,3,4,3,0
854,854,0,1,3,6,10,6,5,2,0,0,4,4,5,4,0
855,855,1,2,6,6,7,7,3,2,2,0,2,5,2,2,3
856,856,3,2,3,5,8,5,3,0,1,0,2,5,7,4,2
857,857,5,7,7,7,8,1,0,0,0,0,4,3,3,3,2
858,858,1,2,4,4,7,6,4,5,0,0,3,4,1,6,3
859,859,0,0,2,6,7,6,4,2,2,1,4,6,6,2,2
860,860,0,0,3,6,8,3,2,3,0,0,7,8,4,4,2
861,861,0,0,0,2,8,8,8,1,0,1,2,2,9,8,1
862,862,3,4,8,10,10,3,2,0,0,0,4,4,2,0,0
863,863,0,2,3,3,7,7,4,3,3,0,3,4,4,4,3
864,864,0,1,0,3,6,8,5,4,2,2,2,4,6,5,2
865,865,1,2,5,6,10,5,3,1,0,0,4,5,4,4,0
866,866,0,1,3,6,8,6,4,1,1,0,4,5,6,3,2
867,867,0,0,2,3,4,8,6,4,3,0,2,4,4,4,6
868,868,0,0,1,1,3,10,6,4,1,2,0,4,5,8,5
869,869,0,3,3,7,6,3,2,1,1,0,7,5,6,2,4
870,870,1,1,4,6,7,4,2,0,1,1,5,7,6,3,2
871,871,0,0,2,4,7,5,4,3,3,1,5,6,5,3,2
872,872,2,1,2,6,6,4,3,0,1,0,4,6,8,3,4
873,873,0,3,4,7,8,7,6,3,1,1,3,1,3,2,1
874,874,1,2,2,4,5,5,4,3,0,1,4,4,5,6,4
875,875,2,6,8,10,10,2,1,0,0,0,6,3,2,0,0
876,876,0,1,1,8,10,6,4,2,0,0,4,5,7,2,0
877,877,1,2,1,4,8,6,4,1,0,0,3,4,8,6,2
878,878,1,3,5,6,10,2,0,1,1,0,7,7,4,3,0
879,879,0,1,1,4,7,8,7,4,2,0,2,2,5,4,3
880,880,1,6,6,7,10,4,3,0,0,0,5,1,4,3,0
881,881,1,5,5,5,6,7,1,1,0,0,2,4,4,5,4
882,882,0,1,3,4,7,4,4,1,1,0,6,5,6,5,3
883,883,1,4,6,6,10,1,3,1,1,0,8,3,3,3,0
884,884,0,0,3,4,7,7,3,3,1,0,3,7,4,5,3
885,885,1,3,3,4,5,2,3,1,2,2,7,4,6,4,3
886,886,1,2,2,5,5,6,3,0,1,0,3,5,8,4,5
887,887,0,0,1,2,3,9,5,3,2,2,1,5,6,6,5
888,888,2,0,1,3,6,7,3,2,2,1,1,7,7,5,3
889,889,0,1,4,6,8,6,3,2,0,0,4,6,4,4,2
890,890,1,4,7,8,10,4,3,0,0,0,5,3,3,2,0
891,891,1,1,5,7,8,7,2,2,1,0,2,7,3,2,2
892,892,0,1,2,4,5,9,6,2,1,0,1,3,6,5,5
893,893,1,3,3,7,7,6,2,0,0,0,3,5,7,3,3
894,894,0,1,3,6,6,7,6,0,1,0,3,3,7,3,4
895,895,1,4,6,8,8,3,3,1,0,0,6,3,3,2,2
896,896,0,1,3,5,4,9,2,1,3,1,1,7,6,2,5
897,897,0,2,4,3,7,7,6,3,0,0,3,2,3,7,3
898,898,1,0,3,6,8,5,2,2,0,0,4,8,5,4,2
899,899,0,2,3,3,7,4,3,2,1,1,6,5,5,6,2
900,900,0,1,4,4,5,6,4,0,0,0,4,5,6,6,5
901,901,0,1,0,4,8,8,6,3,1,0,2,3,7,5,2
902,902,0,3,2,6,8,6,4,3,0,0,4,3,5,4,2
903,903,1,2,7,8,7,5,3,1,1,0,4,5,2,1,3
904,904,0,0,1,3,4,8,8,7,5,1,2,2,2,2,5
905,905,1,1,1,5,7,6,2,2,1,0,3,7,7,4,3
906,906,0,1,1,3,6,6,4,2,0,0,4,5,7,7,4
907,907,1,1,4,4,8,3,0,2,1,0,6,9,4,5,2
908,908,0,4,5,8,10,1,3,0,0,0,9,3,5,2,0
909,909,0,1,1,4,9,5,5,4,4,1,5,4,5,2,0
910,910,0,1,2,4,8,8,5,5,1,0,2,4,3,5,2
911,911,0,1,2,1,5,6,4,5,2,3,4,5,3,7,2
912,912,1,2,5,5,7,6,1,4,1,0,3,7,1,4,3
913,913,1,3,5,6,10,5,2,1,0,0,4,5,4,4,0
914,914,5,4,4,8,8,3,1,0,0,0,2,5,6,2,2
915,915,0,3,3,7,7,5,3,2,0,0,5,4,5,3,3
916,916,1,1,3,6,8,5,4,1,0,1,4,5,6,4,1
917,917,1,3,4,3,6,7,6,3,1,0,2,1,3,6,4
918,918,1,0,2,5,10,6,3,1,0,0,3,7,7,5,0
919,919,0,2,4,2,5,6,5,3,1,0,4,3,3,7,5
920,920,0,2,4,5,10,6,4,2,0,0,4,4,4,5,0
921,921,2,2,2,7,8,7,1,0,0,0,1,7,8,3,2
922,922,0,4,7,7,10,6,2,1,0,0,4,4,2,3,0
923,923,2,2,3,4,5,6,3,3,2,0,2,5,4,4,5
924,924,0,0,1,7,8,8,5,4,0,1,2,5,5,3,1
925,925,0,1,3,4,7,6,5,3,2,1,4,4,4,4,2
926,926,0,1,0,2,1,6,5,4,4,3,4,4,6,4,6
927,927,3,4,5,7,7,4,2,1,0,0,3,4,4,3,3
928,928,1,1,4,4,5,4,2,1,1,0,5,7,5,5,5
929,929,0,2,2,4,7,6,7,2,1,1,4,1,6,5,2
930,930,1,1,4,5,9,7,5,2,1,1,2,4,4,4,0
931,931,0,1,3,3,8,8,5,4,0,0,2,4,3,7,2
932,932,0,0,0,1,2,5,3,2,2,0,5,7,8,7,8
933,933,1,3,6,8,10,4,2,1,0,0,5,5,3,2,0
934,934,3,3,5,6,9,2,0,0,0,1,5,7,5,4,0
935,935,2,3,6,8,10,4,0,0,0,0,4,7,4,2,0
936,936,0,2,3,6,8,8,3,2,1,0,2,5,5,3,2
937,937,0,0,1,3,3,6,5,4,2,1,4,5,5,5,6
938,938,0,1,3,6,7,8,4,0,1,1,2,5,7,3,2
939,939,0,3,7,8,10,5,3,1,0,0,5,4,2,2,0
940,940,2,1,2,8,8,4,2,2,0,0,4,7,6,2,2
941,941,0,0,1,2,5,8,5,4,2,0,2,5,5,6,5
942,942,0,1,3,3,6,5,4,0,0,1,5,5,7,7,3
943,943,1,3,4,6,7,7,3,0,0,0,2,4,6,4,3
944,944,2,1,3,4,8,6,1,2,1,0,2,8,5,5,2
945,945,2,3,5,8,10,4,2,0,0,0,4,5,5,2,0
946,946,0,0,4,5,6,9,7,3,1,0,1,3,3,4,4
947,947,0,0,3,4,8,3,2,2,1,0,7,8,5,5,2
948,948,0,0,3,6,4,5,1,2,2,0,5,9,5,2,6
949,949,0,1,8,8,8,4,3,0,0,0,6,6,2,2,2
950,950,0,2,2,3,10,5,2,1,1,0,5,6,7,6,0
951,951,2,1,3,4,7,4,1,3,3,0,4,8,4,3,3
952,952,2,3,6,7,10,3,1,0,0,0,5,6,4,3,0
953,953,2,0,1,5,6,7,4,2,2,0,1,6,7,3,4
954,954,1,2,3,4,8,5,3,2,1,0,4,5,5,5,2
955,955,2,1,5,7,10,5,1,2,0,0,3,8,3,3,0
956,956,0,0,0,2,5,8,8,5,4,1,2,2,5,4,4
957,957,2,2,4,6,10,5,4,2,1,0,3,4,4,3,0
958,958,1,1,4,3,5,5,3,4,2,0,4,6,2,5,5
959,959,0,5,7,10,10,4,3,2,0,0,6,2,1,0,0
960,960,0,0,2,3,7,10,7,5,0,1,0,3,3,7,2
961,961,0,1,5,5,8,6,3,1,0,0,4,6,4,5,2
962,962,3,6,8,8,10,3,1,0,0,0,4,3,2,2,0
963,963,1,1,3,6,8,6,3,2,0,0,3,6,5,4,2
964,964,0,4,2,5,6,6,4,2,2,1,4,2,6,3,3
965,965,1,2,3,4,10,7,3,2,0,0,2,5,5,6,0
966,966,0,2,6,6,8,7,5,0,0,0,3,3,4,4,2
967,967,1,1,2,5,6,7,6,1,1,0,2,3,7,4,4
968,968,0,0,3,7,8,9,5,2,1,0,1,5,5,2,2
969,969,0,1,1,4,3,9,7,4,2,1,1,2,5,4,6
970,970,0,0,3,4,7,5,2,4,0,1,5,8,3,6,2
971,971,0,1,3,7,7,8,5,2,2,0,2,4,5,1,3
972,972,1,2,4,5,10,3,2,3,1,0,6,6,3,4,0
973,973,3,3,4,6,6,3,1,1,1,0,4,6,5,3,4
974,974,2,2,5,5,8,3,3,1,0,0,5,5,4,5,2
975,975,3,5,8,10,10,1,0,0,0,0,6,5,2,0,0
976,976,0,5,5,7,9,4,1,1,0,1,6,4,4,3,0
977,977,1,2,2,4,4,6,5,5,3,2,3,3,3,3,4
978,978,2,3,5,10,10,6,3,1,0,0,2,4,4,0,0
979,979,2,2,5,7,8,4,2,2,1,1,4,6,3,2,1
980,980,1,2,4,5,6,5,2,1,2,1,4,6,5,3,3
981,981,1,3,4,5,8,3,1,1,1,1,6,6,5,4,1
982,982,0,0,1,2,4,8,5,4,0,1,2,5,5,8,5
983,983,2,3,5,7,7,3,1,2,0,0,5,6,3,3,3
984,984,0,1,4,6,8,7,3,3,1,1,3,6,3,3,1
985,985,0,1,4,8,8,4,2,2,0,0,6,7,4,2,2
986,986,1,2,5,8,10,2,0,1,0,0,7,8,4,2,0
987,987,0,1,5,6,8,7,4,0,0,0,3,5,5,4,2
988,988,0,0,1,4,4,8,8,7,2,0,2,2,2,4,6
989,989,0,2,2,6,7,5,2,1,0,0,5,6,7,4,3
990,990,0,1,1,5,6,10,4,2,1,0,0,5,7,4,4
991,991,1,1,5,4,10,7,4,2,0,0,2,5,3,6,0
992,992,1,1,1,3,4,7,4,3,3,2,2,5,6,4,4
993,993,0,0,1,3,4,7,5,5,3,1,3,5,4,4,5
994,994,1,1,2,6,5,6,3,1,1,0,3,6,7,3,5
995,995,2,1,2,4,4,6,4,2,2,2,2,5,6,4,4
996,996,0,1,0,2,2,7,7,5,6,2,3,2,5,2,6
997,997,0,1,4,4,5,5,1,2,1,2,5,8,4,5,3
998,998,0,1,1,3,6,8,4,4,1,0,2,5,5,6,4
999,999,0,0,2,0,3,10,8,6,4,2,0,2,2,6,5
